<?xml version='1.0' encoding='utf-8' ?>
<!DOCTYPE document SYSTEM "file:///C:/Xilinx/14.7/ISE_DS/ISE/xc9500xl/data/xmlReport9kxl.dtd">
<document><ascFile>czarnaskrzynka_zamek.rpt</ascFile><devFile>C:/Xilinx/14.7/ISE_DS/ISE/xc9500xl/data/xc9572xl.chp</devFile><mfdFile>czarnaskrzynka_zamek.mfd</mfdFile><htmlFile logic_legend="logiclegend.htm" logo="xc9500xl_logo.jpg" pin_legend="pinlegend.htm"/><header date=" 1-10-2024" design="czarnaskrzynka_zamek" device="XC9572XL" eqnType="1" pkg="PC44" speed="-10" status="1" statusStr="Successful" swVersion="P.20131013" time="  5:04PM" version="1.0"/><inputs id="PS2_Clk" userloc="P3"/><inputs id="K7" userloc="P39"/><inputs id="PS2_Data" userloc="P2"/><global_inputs id="CLK_XT" pinnum="GCK1" use="GCK1" userloc="P5"/><pin id="FB1_MC2_PIN1" pinnum="1"/><pin id="FB1_MC5_PIN2" pinnum="2" signal="PS2_Data" use="I"/><pin id="FB1_MC6_PIN3" pinnum="3" signal="PS2_Clk" use="I"/><pin id="FB1_MC8_PIN4" pinnum="4" signal="XLXN_24_SPECSIG" use="b_SPECSIG"/><pin id="FB1_MC9_PIN5" pinnum="5" signal="CLK_XT" use="GCK"/><pin id="FB1_MC11_PIN6" pinnum="6" signal="XLXN_21_SPECSIG" use="b_SPECSIG"/><pin id="FB1_MC14_PIN7" pinnum="7" signal="XLXI_2reg10b8_SPECSIG" use="b_SPECSIG"/><pin id="FB1_MC15_PIN8" pinnum="8" signal="XLXI_2Cnt0_SPECSIG" use="b_SPECSIG"/><pin id="FB1_MC17_PIN9" pinnum="9" signal="XLXI_2Cnt2_SPECSIG" use="b_SPECSIG"/><pin id="FB2_MC2_PIN35" pinnum="35" signal="LED0" use="O"/><pin id="FB2_MC5_PIN36" pinnum="36"/><pin id="FB2_MC6_PIN37" pinnum="37"/><pin id="FB2_MC8_PIN38" pinnum="38"/><pin id="FB2_MC9_PIN39" pinnum="39" signal="K7" use="I"/><pin id="FB2_MC11_PIN40" pinnum="40"/><pin id="FB2_MC14_PIN42" pinnum="42" use="b_SPECSIG"/><pin id="FB2_MC15_PIN43" pinnum="43" signal="XLXI_1state_FSM_FFd2_SPECSIG" use="b_SPECSIG"/><pin id="FB2_MC17_PIN44" pinnum="44" signal="XLXI_1state_FSM_FFd3_SPECSIG" use="b_SPECSIG"/><pin id="FB3_MC2_PIN11" pinnum="11"/><pin id="FB3_MC5_PIN12" pinnum="12"/><pin id="FB3_MC8_PIN13" pinnum="13"/><pin id="FB3_MC9_PIN14" pinnum="14"/><pin id="FB3_MC11_PIN18" pinnum="18"/><pin id="FB3_MC14_PIN19" pinnum="19"/><pin id="FB3_MC15_PIN20" pinnum="20"/><pin id="FB3_MC16_PIN24" pinnum="24"/><pin id="FB3_MC17_PIN22" pinnum="22" signal="XLXN_27_SPECSIG" use="b_SPECSIG"/><pin id="FB4_MC2_PIN25" pinnum="25"/><pin id="FB4_MC5_PIN26" pinnum="26"/><pin id="FB4_MC8_PIN27" pinnum="27"/><pin id="FB4_MC11_PIN28" pinnum="28"/><pin id="FB4_MC14_PIN29" pinnum="29"/><pin id="FB4_MC15_PIN33" pinnum="33"/><pin id="FB4_MC17_PIN34" pinnum="34"/><fblock id="FB1" inputUse="14" pinUse="2"><macrocell id="FB1_MC1"/><macrocell id="FB1_MC2" pin="FB1_MC2_PIN1"/><macrocell id="FB1_MC3"/><macrocell id="FB1_MC4"/><macrocell id="FB1_MC5" pin="FB1_MC5_PIN2"/><macrocell id="FB1_MC6" pin="FB1_MC6_PIN3" sigUse="4" signal="XLXN_3"><pterms pt1="FB1_6_1"/></macrocell><macrocell id="FB1_MC7" sigUse="2" signal="XLXN_25_SPECSIG"><pterms pt1="FB1_7_1" pt2="FB1_7_2"/></macrocell><macrocell id="FB1_MC8" pin="FB1_MC8_PIN4" sigUse="2" signal="XLXN_24_SPECSIG"><pterms pt1="FB1_8_1" pt2="FB1_8_2"/></macrocell><macrocell id="FB1_MC9" pin="FB1_MC9_PIN5" sigUse="2" signal="XLXN_23_SPECSIG"><pterms pt1="FB1_9_1" pt2="FB1_9_2"/></macrocell><macrocell id="FB1_MC10" sigUse="2" signal="XLXN_22_SPECSIG"><pterms pt1="FB1_10_1" pt2="FB1_10_2"/></macrocell><macrocell id="FB1_MC11" pin="FB1_MC11_PIN6" sigUse="2" signal="XLXN_21_SPECSIG"><pterms pt1="FB1_11_1" pt2="FB1_11_2"/></macrocell><macrocell id="FB1_MC12" sigUse="2" signal="XLXN_20_SPECSIG"><pterms pt1="FB1_12_1" pt2="FB1_12_2"/></macrocell><macrocell id="FB1_MC13" sigUse="2" signal="XLXI_2reg10b9_SPECSIG"><pterms pt1="FB1_13_1" pt2="FB1_13_2"/></macrocell><macrocell id="FB1_MC14" pin="FB1_MC14_PIN7" sigUse="2" signal="XLXI_2reg10b8_SPECSIG"><pterms pt1="FB1_14_1" pt2="FB1_14_2"/></macrocell><macrocell id="FB1_MC15" pin="FB1_MC15_PIN8" sigUse="2" signal="XLXI_2Cnt0_SPECSIG"><pterms pt1="FB1_15_1" pt2="FB1_15_2"/></macrocell><macrocell id="FB1_MC16" sigUse="5" signal="XLXI_2Cnt3_SPECSIG"><pterms pt1="FB1_16_1" pt2="FB1_16_2" pt3="FB1_16_3"/></macrocell><macrocell id="FB1_MC17" pin="FB1_MC17_PIN9" sigUse="4" signal="XLXI_2Cnt2_SPECSIG"><pterms pt1="FB1_17_1" pt2="FB1_17_2" pt3="FB1_17_3"/></macrocell><macrocell id="FB1_MC18" sigUse="3" signal="XLXI_2Cnt1_SPECSIG"><pterms pt1="FB1_18_1" pt2="FB1_18_2" pt3="FB1_18_3"/></macrocell><fbinput id="FB1_I1" signal="PS2_Clk"/><fbinput id="FB1_I2" signal="PS2_Data"/><fbinput id="FB1_I3" signal="XLXI_2Cnt0_SPECSIG"/><fbinput id="FB1_I4" signal="XLXI_2Cnt1_SPECSIG"/><fbinput id="FB1_I5" signal="XLXI_2Cnt2_SPECSIG"/><fbinput id="FB1_I6" signal="XLXI_2Cnt2XLXI_2Cnt&lt;2&gt;_RSTF__INT_SPECSIG"/><fbinput id="FB1_I7" signal="XLXI_2Cnt3_SPECSIG"/><fbinput id="FB1_I8" signal="XLXI_2reg10b9_SPECSIG"/><fbinput id="FB1_I9" signal="XLXN_21_SPECSIG"/><fbinput id="FB1_I10" signal="XLXN_22_SPECSIG"/><fbinput id="FB1_I11" signal="XLXN_23_SPECSIG"/><fbinput id="FB1_I12" signal="XLXN_24_SPECSIG"/><fbinput id="FB1_I13" signal="XLXN_25_SPECSIG"/><fbinput id="FB1_I14" signal="XLXN_26_SPECSIG"/><pterm id="FB1_6_1"><signal id="XLXI_2Cnt0_SPECSIG"/><signal id="XLXI_2Cnt1_SPECSIG"/><signal id="XLXI_2Cnt2_SPECSIG" negated="ON"/><signal id="XLXI_2Cnt3_SPECSIG"/></pterm><pterm id="FB1_7_1"><signal id="XLXN_26_SPECSIG"/></pterm><pterm id="FB1_7_2"><signal id="PS2_Clk" negated="ON"/></pterm><pterm id="FB1_8_1"><signal id="XLXN_25_SPECSIG"/></pterm><pterm id="FB1_8_2"><signal id="PS2_Clk" negated="ON"/></pterm><pterm id="FB1_9_1"><signal id="XLXN_24_SPECSIG"/></pterm><pterm id="FB1_9_2"><signal id="PS2_Clk" negated="ON"/></pterm><pterm id="FB1_10_1"><signal id="XLXN_23_SPECSIG"/></pterm><pterm id="FB1_10_2"><signal id="PS2_Clk" negated="ON"/></pterm><pterm id="FB1_11_1"><signal id="XLXN_22_SPECSIG"/></pterm><pterm id="FB1_11_2"><signal id="PS2_Clk" negated="ON"/></pterm><pterm id="FB1_12_1"><signal id="XLXN_21_SPECSIG"/></pterm><pterm id="FB1_12_2"><signal id="PS2_Clk" negated="ON"/></pterm><pterm id="FB1_13_1"><signal id="PS2_Data"/></pterm><pterm id="FB1_13_2"><signal id="PS2_Clk" negated="ON"/></pterm><pterm id="FB1_14_1"><signal id="XLXI_2reg10b9_SPECSIG"/></pterm><pterm id="FB1_14_2"><signal id="PS2_Clk" negated="ON"/></pterm><pterm id="FB1_15_1"><signal id="XLXI_2Cnt2XLXI_2Cnt&lt;2&gt;_RSTF__INT_SPECSIG" negated="ON"/></pterm><pterm id="FB1_15_2"><signal id="PS2_Clk" negated="ON"/></pterm><pterm id="FB1_16_1"><signal id="XLXI_2Cnt0_SPECSIG"/><signal id="XLXI_2Cnt1_SPECSIG"/><signal id="XLXI_2Cnt2_SPECSIG"/></pterm><pterm id="FB1_16_2"><signal id="XLXI_2Cnt2XLXI_2Cnt&lt;2&gt;_RSTF__INT_SPECSIG" negated="ON"/></pterm><pterm id="FB1_16_3"><signal id="PS2_Clk" negated="ON"/></pterm><pterm id="FB1_17_1"><signal id="XLXI_2Cnt0_SPECSIG"/><signal id="XLXI_2Cnt1_SPECSIG"/></pterm><pterm id="FB1_17_2"><signal id="XLXI_2Cnt2XLXI_2Cnt&lt;2&gt;_RSTF__INT_SPECSIG" negated="ON"/></pterm><pterm id="FB1_17_3"><signal id="PS2_Clk" negated="ON"/></pterm><pterm id="FB1_18_1"><signal id="XLXI_2Cnt0_SPECSIG"/></pterm><pterm id="FB1_18_2"><signal id="XLXI_2Cnt2XLXI_2Cnt&lt;2&gt;_RSTF__INT_SPECSIG" negated="ON"/></pterm><pterm id="FB1_18_3"><signal id="PS2_Clk" negated="ON"/></pterm><equation id="XLXN_3" regUse="D"><d2><eq_pterm ptindx="FB1_6_1"/></d2><clk><fastsig signal="CLK_XT"/></clk><prld ptindx="GND"/></equation><equation id="XLXN_25_SPECSIG" regUse="D"><d2><eq_pterm ptindx="FB1_7_1"/></d2><clk><eq_pterm ptindx="FB1_7_2"/></clk><prld ptindx="GND"/></equation><equation id="XLXN_24_SPECSIG" regUse="D"><d2><eq_pterm ptindx="FB1_8_1"/></d2><clk><eq_pterm ptindx="FB1_8_2"/></clk><prld ptindx="GND"/></equation><equation id="XLXN_23_SPECSIG" regUse="D"><d2><eq_pterm ptindx="FB1_9_1"/></d2><clk><eq_pterm ptindx="FB1_9_2"/></clk><prld ptindx="GND"/></equation><equation id="XLXN_22_SPECSIG" regUse="D"><d2><eq_pterm ptindx="FB1_10_1"/></d2><clk><eq_pterm ptindx="FB1_10_2"/></clk><prld ptindx="GND"/></equation><equation id="XLXN_21_SPECSIG" regUse="D"><d2><eq_pterm ptindx="FB1_11_1"/></d2><clk><eq_pterm ptindx="FB1_11_2"/></clk><prld ptindx="GND"/></equation><equation id="XLXN_20_SPECSIG" regUse="D"><d2><eq_pterm ptindx="FB1_12_1"/></d2><clk><eq_pterm ptindx="FB1_12_2"/></clk><prld ptindx="GND"/></equation><equation id="XLXI_2reg10b9_SPECSIG" regUse="D"><d2><eq_pterm ptindx="FB1_13_1"/></d2><clk><eq_pterm ptindx="FB1_13_2"/></clk><prld ptindx="GND"/></equation><equation id="XLXI_2reg10b8_SPECSIG" regUse="D"><d2><eq_pterm ptindx="FB1_14_1"/></d2><clk><eq_pterm ptindx="FB1_14_2"/></clk><prld ptindx="GND"/></equation><equation id="XLXI_2Cnt0_SPECSIG" regUse="T"><d2><eq_pterm ptindx="VCC"/></d2><clk><eq_pterm ptindx="FB1_15_2"/></clk><reset><eq_pterm ptindx="FB1_15_1"/></reset><prld ptindx="GND"/></equation><equation id="XLXI_2Cnt3_SPECSIG" regUse="T"><d2><eq_pterm ptindx="FB1_16_1"/></d2><clk><eq_pterm ptindx="FB1_16_3"/></clk><reset><eq_pterm ptindx="FB1_16_2"/></reset><prld ptindx="GND"/></equation><equation id="XLXI_2Cnt2_SPECSIG" regUse="T"><d2><eq_pterm ptindx="FB1_17_1"/></d2><clk><eq_pterm ptindx="FB1_17_3"/></clk><reset><eq_pterm ptindx="FB1_17_2"/></reset><prld ptindx="GND"/></equation><equation id="XLXI_2Cnt1_SPECSIG" regUse="T"><d2><eq_pterm ptindx="FB1_18_1"/></d2><clk><eq_pterm ptindx="FB1_18_3"/></clk><reset><eq_pterm ptindx="FB1_18_2"/></reset><prld ptindx="GND"/></equation></fblock><fblock id="FB2" inputUse="14" pinUse="2"><macrocell id="FB2_MC1" sigUse="14" signal="XLXI_1state_FSM_FFd1_SPECSIG"><pterms pt1="FB2_1_1" pt2="FB2_1_2" pt3="FB2_1_3" pt4="FB2_1_4" pt5="FB2_1_5"/></macrocell><macrocell id="FB2_MC2" pin="FB2_MC2_PIN35" sigUse="2" signal="LED0"><pterms pt1="FB2_2_1" pt2="FB2_2_2" pt3="FB2_2_3" pt4="FB2_2_4" pt5="FB2_2_5"/></macrocell><macrocell id="FB2_MC3"><pterms pt1="FB2_3_1"/></macrocell><macrocell id="FB2_MC4"/><macrocell id="FB2_MC5" pin="FB2_MC5_PIN36"/><macrocell id="FB2_MC6" pin="FB2_MC6_PIN37"/><macrocell id="FB2_MC7"/><macrocell id="FB2_MC8" pin="FB2_MC8_PIN38"/><macrocell id="FB2_MC9" pin="FB2_MC9_PIN39"/><macrocell id="FB2_MC10"/><macrocell id="FB2_MC11" pin="FB2_MC11_PIN40"/><macrocell id="FB2_MC12"/><macrocell id="FB2_MC13" sigUse="2" signal="XLXI_2Cnt2XLXI_2Cnt&lt;2&gt;_RSTF__INT_SPECSIG"><pterms pt1="FB2_13_1"/></macrocell><macrocell id="FB2_MC14" pin="FB2_MC14_PIN42"><pterms pt1="FB2_14_1" pt2="FB2_14_2" pt3="FB2_14_3" pt4="FB2_14_4" pt5="FB2_14_5"/></macrocell><macrocell id="FB2_MC15" pin="FB2_MC15_PIN43" sigUse="14" signal="XLXI_1state_FSM_FFd2_SPECSIG"><pterms pt1="FB2_15_1" pt2="FB2_15_2" pt3="FB2_15_3" pt4="FB2_15_4" pt5="FB2_15_5"/></macrocell><macrocell id="FB2_MC16" sigUse="14" signal="XLXI_1state_FSM_FFd4_SPECSIG"><pterms pt1="FB2_16_1" pt2="FB2_16_2" pt3="FB2_16_3" pt4="FB2_16_4" pt5="FB2_16_5"/></macrocell><macrocell id="FB2_MC17" pin="FB2_MC17_PIN44" sigUse="14" signal="XLXI_1state_FSM_FFd3_SPECSIG"><pterms pt1="FB2_17_1" pt2="FB2_17_2" pt3="FB2_17_3" pt4="FB2_17_4" pt5="FB2_17_5"/></macrocell><macrocell id="FB2_MC18"><pterms pt1="FB2_18_1" pt2="FB2_18_2" pt3="FB2_18_3" pt4="FB2_18_4" pt5="FB2_18_5"/></macrocell><fbinput id="FB2_I1" signal="K7"/><fbinput id="FB2_I2" signal="XLXI_1state_FSM_FFd1_SPECSIG"/><fbinput id="FB2_I3" signal="XLXI_1state_FSM_FFd2_SPECSIG"/><fbinput id="FB2_I4" signal="XLXI_1state_FSM_FFd3_SPECSIG"/><fbinput id="FB2_I5" signal="XLXI_1state_FSM_FFd4_SPECSIG"/><fbinput id="FB2_I6" signal="XLXN_20_SPECSIG"/><fbinput id="FB2_I7" signal="XLXN_21_SPECSIG"/><fbinput id="FB2_I8" signal="XLXN_22_SPECSIG"/><fbinput id="FB2_I9" signal="XLXN_23_SPECSIG"/><fbinput id="FB2_I10" signal="XLXN_24_SPECSIG"/><fbinput id="FB2_I11" signal="XLXN_25_SPECSIG"/><fbinput id="FB2_I12" signal="XLXN_26_SPECSIG"/><fbinput id="FB2_I13" signal="XLXN_27_SPECSIG"/><fbinput id="FB2_I14" signal="XLXN_3"/><pterm id="FB2_1_1"><signal id="K7" negated="ON"/><signal id="XLXI_1state_FSM_FFd1_SPECSIG"/><signal id="XLXN_25_SPECSIG"/><signal id="XLXN_3" negated="ON"/></pterm><pterm id="FB2_1_2"><signal id="K7" negated="ON"/><signal id="XLXI_1state_FSM_FFd1_SPECSIG"/><signal id="XLXN_21_SPECSIG" negated="ON"/><signal id="XLXN_3" negated="ON"/></pterm><pterm id="FB2_1_3"><signal id="K7" negated="ON"/><signal id="XLXI_1state_FSM_FFd1_SPECSIG"/><signal id="XLXN_27_SPECSIG"/><signal id="XLXN_3" negated="ON"/></pterm><pterm id="FB2_1_4"><signal id="K7" negated="ON"/><signal id="XLXI_1state_FSM_FFd1_SPECSIG"/><signal id="XLXN_23_SPECSIG"/><signal id="XLXN_3" negated="ON"/></pterm><pterm id="FB2_1_5"><signal id="K7" negated="ON"/><signal id="XLXI_1state_FSM_FFd1_SPECSIG"/><signal id="XLXN_3" negated="ON"/><signal id="XLXN_24_SPECSIG"/></pterm><pterm id="FB2_2_1"><signal id="K7" negated="ON"/><signal id="XLXI_1state_FSM_FFd3_SPECSIG"/><signal id="XLXI_1state_FSM_FFd1_SPECSIG"/><signal id="XLXN_3" negated="ON"/></pterm><pterm id="FB2_2_2"><signal id="K7" negated="ON"/><signal id="XLXI_1state_FSM_FFd4_SPECSIG"/><signal id="XLXI_1state_FSM_FFd1_SPECSIG"/><signal id="XLXN_25_SPECSIG" negated="ON"/><signal id="XLXN_21_SPECSIG"/><signal id="XLXN_27_SPECSIG" negated="ON"/><signal id="XLXN_23_SPECSIG"/><signal id="XLXN_26_SPECSIG" negated="ON"/><signal id="XLXN_20_SPECSIG"/><signal id="XLXN_24_SPECSIG"/><signal id="XLXN_22_SPECSIG" negated="ON"/></pterm><pterm id="FB2_2_3"><signal id="K7" negated="ON"/><signal id="XLXI_1state_FSM_FFd3_SPECSIG"/><signal id="XLXI_1state_FSM_FFd4_SPECSIG" negated="ON"/><signal id="XLXI_1state_FSM_FFd1_SPECSIG"/><signal id="XLXN_25_SPECSIG"/><signal id="XLXN_21_SPECSIG" negated="ON"/><signal id="XLXN_27_SPECSIG"/><signal id="XLXN_23_SPECSIG" negated="ON"/><signal id="XLXN_26_SPECSIG"/><signal id="XLXN_20_SPECSIG" negated="ON"/><signal id="XLXN_24_SPECSIG"/><signal id="XLXN_22_SPECSIG" negated="ON"/></pterm><pterm id="FB2_2_4"><signal id="K7" negated="ON"/><signal id="XLXI_1state_FSM_FFd3_SPECSIG"/><signal id="XLXI_1state_FSM_FFd2_SPECSIG"/><signal id="XLXI_1state_FSM_FFd4_SPECSIG"/><signal id="XLXN_25_SPECSIG"/><signal id="XLXN_21_SPECSIG" negated="ON"/><signal id="XLXN_27_SPECSIG"/><signal id="XLXN_23_SPECSIG" negated="ON"/><signal id="XLXN_26_SPECSIG"/><signal id="XLXN_3"/><signal id="XLXN_20_SPECSIG" negated="ON"/><signal id="XLXN_24_SPECSIG"/><signal id="XLXN_22_SPECSIG" negated="ON"/></pterm><pterm id="FB2_2_5"><signal id="K7" negated="ON"/><signal id="XLXI_1state_FSM_FFd3_SPECSIG" negated="ON"/><signal id="XLXI_1state_FSM_FFd2_SPECSIG" negated="ON"/><signal id="XLXI_1state_FSM_FFd4_SPECSIG" negated="ON"/><signal id="XLXI_1state_FSM_FFd1_SPECSIG"/><signal id="XLXN_25_SPECSIG"/><signal id="XLXN_21_SPECSIG"/><signal id="XLXN_27_SPECSIG" negated="ON"/><signal id="XLXN_23_SPECSIG"/><signal id="XLXN_26_SPECSIG" negated="ON"/><signal id="XLXN_20_SPECSIG"/><signal id="XLXN_24_SPECSIG"/><signal id="XLXN_22_SPECSIG" negated="ON"/></pterm><pterm id="FB2_3_1"><signal id="XLXI_1state_FSM_FFd2_SPECSIG"/><signal id="XLXI_1state_FSM_FFd1_SPECSIG"/></pterm><pterm id="FB2_13_1"><signal id="K7" negated="ON"/><signal id="XLXN_3" negated="ON"/></pterm><pterm id="FB2_14_1"><signal id="K7" negated="ON"/><signal id="XLXI_1state_FSM_FFd2_SPECSIG"/><signal id="XLXN_3" negated="ON"/></pterm><pterm id="FB2_14_2"><signal id="K7" negated="ON"/><signal id="XLXI_1state_FSM_FFd3_SPECSIG"/><signal id="XLXI_1state_FSM_FFd2_SPECSIG"/><signal id="XLXI_1state_FSM_FFd4_SPECSIG" negated="ON"/><signal id="XLXN_25_SPECSIG"/><signal id="XLXN_21_SPECSIG"/><signal id="XLXN_27_SPECSIG" negated="ON"/><signal id="XLXN_23_SPECSIG"/><signal id="XLXN_26_SPECSIG" negated="ON"/><signal id="XLXN_20_SPECSIG"/><signal id="XLXN_24_SPECSIG"/><signal id="XLXN_22_SPECSIG" negated="ON"/></pterm><pterm id="FB2_14_3"><signal id="K7" negated="ON"/><signal id="XLXI_1state_FSM_FFd3_SPECSIG" negated="ON"/><signal id="XLXI_1state_FSM_FFd2_SPECSIG"/><signal id="XLXI_1state_FSM_FFd4_SPECSIG"/><signal id="XLXN_25_SPECSIG" negated="ON"/><signal id="XLXN_21_SPECSIG"/><signal id="XLXN_27_SPECSIG" negated="ON"/><signal id="XLXN_23_SPECSIG"/><signal id="XLXN_26_SPECSIG" negated="ON"/><signal id="XLXN_20_SPECSIG"/><signal id="XLXN_24_SPECSIG"/><signal id="XLXN_22_SPECSIG" negated="ON"/></pterm><pterm id="FB2_14_4"><signal id="K7" negated="ON"/><signal id="XLXI_1state_FSM_FFd3_SPECSIG"/><signal id="XLXI_1state_FSM_FFd2_SPECSIG" negated="ON"/><signal id="XLXI_1state_FSM_FFd4_SPECSIG"/><signal id="XLXN_25_SPECSIG" negated="ON"/><signal id="XLXN_21_SPECSIG"/><signal id="XLXN_27_SPECSIG" negated="ON"/><signal id="XLXN_23_SPECSIG"/><signal id="XLXN_26_SPECSIG" negated="ON"/><signal id="XLXN_3"/><signal id="XLXN_20_SPECSIG"/><signal id="XLXN_24_SPECSIG"/><signal id="XLXN_22_SPECSIG" negated="ON"/></pterm><pterm id="FB2_14_5"><signal id="K7" negated="ON"/><signal id="XLXI_1state_FSM_FFd3_SPECSIG" negated="ON"/><signal id="XLXI_1state_FSM_FFd2_SPECSIG"/><signal id="XLXI_1state_FSM_FFd4_SPECSIG" negated="ON"/><signal id="XLXI_1state_FSM_FFd1_SPECSIG" negated="ON"/><signal id="XLXN_25_SPECSIG"/><signal id="XLXN_21_SPECSIG" negated="ON"/><signal id="XLXN_27_SPECSIG"/><signal id="XLXN_23_SPECSIG" negated="ON"/><signal id="XLXN_26_SPECSIG"/><signal id="XLXN_20_SPECSIG" negated="ON"/><signal id="XLXN_24_SPECSIG"/><signal id="XLXN_22_SPECSIG" negated="ON"/></pterm><pterm id="FB2_15_1"><signal id="K7" negated="ON"/><signal id="XLXI_1state_FSM_FFd2_SPECSIG"/><signal id="XLXI_1state_FSM_FFd4_SPECSIG"/><signal id="XLXI_1state_FSM_FFd1_SPECSIG"/><signal id="XLXN_25_SPECSIG" negated="ON"/><signal id="XLXN_21_SPECSIG"/><signal id="XLXN_27_SPECSIG" negated="ON"/><signal id="XLXN_23_SPECSIG"/><signal id="XLXN_26_SPECSIG" negated="ON"/><signal id="XLXN_20_SPECSIG"/><signal id="XLXN_24_SPECSIG"/><signal id="XLXN_22_SPECSIG" negated="ON"/></pterm><pterm id="FB2_15_2"><signal id="K7" negated="ON"/><signal id="XLXI_1state_FSM_FFd3_SPECSIG"/><signal id="XLXI_1state_FSM_FFd2_SPECSIG"/><signal id="XLXI_1state_FSM_FFd4_SPECSIG" negated="ON"/><signal id="XLXN_25_SPECSIG"/><signal id="XLXN_21_SPECSIG"/><signal id="XLXN_27_SPECSIG" negated="ON"/><signal id="XLXN_23_SPECSIG"/><signal id="XLXN_26_SPECSIG" negated="ON"/><signal id="XLXN_3"/><signal id="XLXN_20_SPECSIG"/><signal id="XLXN_24_SPECSIG"/><signal id="XLXN_22_SPECSIG" negated="ON"/></pterm><pterm id="FB2_15_3"><signal id="K7" negated="ON"/><signal id="XLXI_1state_FSM_FFd3_SPECSIG"/><signal id="XLXI_1state_FSM_FFd4_SPECSIG" negated="ON"/><signal id="XLXI_1state_FSM_FFd1_SPECSIG"/><signal id="XLXN_25_SPECSIG"/><signal id="XLXN_21_SPECSIG" negated="ON"/><signal id="XLXN_27_SPECSIG"/><signal id="XLXN_23_SPECSIG" negated="ON"/><signal id="XLXN_26_SPECSIG"/><signal id="XLXN_3"/><signal id="XLXN_20_SPECSIG" negated="ON"/><signal id="XLXN_24_SPECSIG"/><signal id="XLXN_22_SPECSIG" negated="ON"/></pterm><pterm id="FB2_15_4"><signal id="K7" negated="ON"/><signal id="XLXI_1state_FSM_FFd3_SPECSIG" negated="ON"/><signal id="XLXI_1state_FSM_FFd2_SPECSIG"/><signal id="XLXI_1state_FSM_FFd4_SPECSIG" negated="ON"/><signal id="XLXI_1state_FSM_FFd1_SPECSIG" negated="ON"/><signal id="XLXN_25_SPECSIG"/><signal id="XLXN_21_SPECSIG" negated="ON"/><signal id="XLXN_27_SPECSIG"/><signal id="XLXN_23_SPECSIG" negated="ON"/><signal id="XLXN_26_SPECSIG"/><signal id="XLXN_3"/><signal id="XLXN_20_SPECSIG" negated="ON"/><signal id="XLXN_24_SPECSIG"/><signal id="XLXN_22_SPECSIG" negated="ON"/></pterm><pterm id="FB2_15_5"><signal id="K7" negated="ON"/><signal id="XLXI_1state_FSM_FFd3_SPECSIG" negated="ON"/><signal id="XLXI_1state_FSM_FFd2_SPECSIG" negated="ON"/><signal id="XLXI_1state_FSM_FFd4_SPECSIG" negated="ON"/><signal id="XLXI_1state_FSM_FFd1_SPECSIG"/><signal id="XLXN_25_SPECSIG"/><signal id="XLXN_21_SPECSIG"/><signal id="XLXN_27_SPECSIG" negated="ON"/><signal id="XLXN_23_SPECSIG"/><signal id="XLXN_26_SPECSIG" negated="ON"/><signal id="XLXN_3"/><signal id="XLXN_20_SPECSIG"/><signal id="XLXN_24_SPECSIG"/><signal id="XLXN_22_SPECSIG" negated="ON"/></pterm><pterm id="FB2_16_1"><signal id="K7" negated="ON"/><signal id="XLXI_1state_FSM_FFd4_SPECSIG"/><signal id="XLXN_3" negated="ON"/></pterm><pterm id="FB2_16_2"><signal id="K7" negated="ON"/><signal id="XLXI_1state_FSM_FFd3_SPECSIG" negated="ON"/><signal id="XLXI_1state_FSM_FFd4_SPECSIG"/><signal id="XLXI_1state_FSM_FFd1_SPECSIG"/><signal id="XLXN_25_SPECSIG" negated="ON"/><signal id="XLXN_21_SPECSIG"/><signal id="XLXN_27_SPECSIG" negated="ON"/><signal id="XLXN_23_SPECSIG" negated="ON"/><signal id="XLXN_26_SPECSIG"/><signal id="XLXN_20_SPECSIG" negated="ON"/><signal id="XLXN_24_SPECSIG" negated="ON"/><signal id="XLXN_22_SPECSIG" negated="ON"/></pterm><pterm id="FB2_16_3"><signal id="K7" negated="ON"/><signal id="XLXI_1state_FSM_FFd2_SPECSIG" negated="ON"/><signal id="XLXI_1state_FSM_FFd4_SPECSIG" negated="ON"/><signal id="XLXI_1state_FSM_FFd1_SPECSIG" negated="ON"/><signal id="XLXN_25_SPECSIG" negated="ON"/><signal id="XLXN_21_SPECSIG"/><signal id="XLXN_27_SPECSIG" negated="ON"/><signal id="XLXN_23_SPECSIG" negated="ON"/><signal id="XLXN_26_SPECSIG"/><signal id="XLXN_3"/><signal id="XLXN_20_SPECSIG" negated="ON"/><signal id="XLXN_24_SPECSIG" negated="ON"/><signal id="XLXN_22_SPECSIG" negated="ON"/></pterm><pterm id="FB2_16_4"><signal id="K7" negated="ON"/><signal id="XLXI_1state_FSM_FFd3_SPECSIG"/><signal id="XLXI_1state_FSM_FFd2_SPECSIG" negated="ON"/><signal id="XLXI_1state_FSM_FFd4_SPECSIG" negated="ON"/><signal id="XLXI_1state_FSM_FFd1_SPECSIG" negated="ON"/><signal id="XLXN_25_SPECSIG" negated="ON"/><signal id="XLXN_21_SPECSIG"/><signal id="XLXN_27_SPECSIG" negated="ON"/><signal id="XLXN_23_SPECSIG" negated="ON"/><signal id="XLXN_26_SPECSIG"/><signal id="XLXN_20_SPECSIG" negated="ON"/><signal id="XLXN_24_SPECSIG" negated="ON"/><signal id="XLXN_22_SPECSIG" negated="ON"/></pterm><pterm id="FB2_16_5"><signal id="K7" negated="ON"/><signal id="XLXI_1state_FSM_FFd3_SPECSIG" negated="ON"/><signal id="XLXI_1state_FSM_FFd2_SPECSIG" negated="ON"/><signal id="XLXI_1state_FSM_FFd4_SPECSIG"/><signal id="XLXI_1state_FSM_FFd1_SPECSIG" negated="ON"/><signal id="XLXN_25_SPECSIG"/><signal id="XLXN_21_SPECSIG" negated="ON"/><signal id="XLXN_27_SPECSIG"/><signal id="XLXN_23_SPECSIG" negated="ON"/><signal id="XLXN_26_SPECSIG"/><signal id="XLXN_3"/><signal id="XLXN_20_SPECSIG" negated="ON"/><signal id="XLXN_24_SPECSIG"/><signal id="XLXN_22_SPECSIG" negated="ON"/></pterm><pterm id="FB2_17_1"><signal id="K7" negated="ON"/><signal id="XLXI_1state_FSM_FFd3_SPECSIG"/><signal id="XLXN_3" negated="ON"/></pterm><pterm id="FB2_17_2"><signal id="K7" negated="ON"/><signal id="XLXI_1state_FSM_FFd3_SPECSIG"/><signal id="XLXI_1state_FSM_FFd2_SPECSIG"/><signal id="XLXI_1state_FSM_FFd4_SPECSIG" negated="ON"/><signal id="XLXN_25_SPECSIG"/><signal id="XLXN_21_SPECSIG"/><signal id="XLXN_27_SPECSIG" negated="ON"/><signal id="XLXN_23_SPECSIG"/><signal id="XLXN_26_SPECSIG" negated="ON"/><signal id="XLXN_20_SPECSIG"/><signal id="XLXN_24_SPECSIG"/><signal id="XLXN_22_SPECSIG" negated="ON"/></pterm><pterm id="FB2_17_3"><signal id="K7" negated="ON"/><signal id="XLXI_1state_FSM_FFd3_SPECSIG"/><signal id="XLXI_1state_FSM_FFd4_SPECSIG" negated="ON"/><signal id="XLXI_1state_FSM_FFd1_SPECSIG"/><signal id="XLXN_25_SPECSIG"/><signal id="XLXN_21_SPECSIG" negated="ON"/><signal id="XLXN_27_SPECSIG"/><signal id="XLXN_23_SPECSIG" negated="ON"/><signal id="XLXN_26_SPECSIG"/><signal id="XLXN_20_SPECSIG" negated="ON"/><signal id="XLXN_24_SPECSIG"/><signal id="XLXN_22_SPECSIG" negated="ON"/></pterm><pterm id="FB2_17_4"><signal id="K7" negated="ON"/><signal id="XLXI_1state_FSM_FFd3_SPECSIG" negated="ON"/><signal id="XLXI_1state_FSM_FFd2_SPECSIG"/><signal id="XLXI_1state_FSM_FFd4_SPECSIG"/><signal id="XLXN_25_SPECSIG" negated="ON"/><signal id="XLXN_21_SPECSIG"/><signal id="XLXN_27_SPECSIG" negated="ON"/><signal id="XLXN_23_SPECSIG"/><signal id="XLXN_26_SPECSIG" negated="ON"/><signal id="XLXN_3"/><signal id="XLXN_20_SPECSIG"/><signal id="XLXN_24_SPECSIG"/><signal id="XLXN_22_SPECSIG" negated="ON"/></pterm><pterm id="FB2_17_5"><signal id="K7" negated="ON"/><signal id="XLXI_1state_FSM_FFd3_SPECSIG" negated="ON"/><signal id="XLXI_1state_FSM_FFd4_SPECSIG"/><signal id="XLXI_1state_FSM_FFd1_SPECSIG"/><signal id="XLXN_25_SPECSIG" negated="ON"/><signal id="XLXN_21_SPECSIG"/><signal id="XLXN_27_SPECSIG" negated="ON"/><signal id="XLXN_23_SPECSIG"/><signal id="XLXN_26_SPECSIG" negated="ON"/><signal id="XLXN_3"/><signal id="XLXN_20_SPECSIG"/><signal id="XLXN_24_SPECSIG"/><signal id="XLXN_22_SPECSIG" negated="ON"/></pterm><pterm id="FB2_18_1"><signal id="K7" negated="ON"/><signal id="XLXI_1state_FSM_FFd2_SPECSIG"/><signal id="XLXI_1state_FSM_FFd1_SPECSIG"/><signal id="XLXN_3" negated="ON"/></pterm><pterm id="FB2_18_2"><signal id="K7" negated="ON"/><signal id="XLXI_1state_FSM_FFd4_SPECSIG" negated="ON"/><signal id="XLXI_1state_FSM_FFd1_SPECSIG"/><signal id="XLXN_3" negated="ON"/></pterm><pterm id="FB2_18_3"><signal id="K7" negated="ON"/><signal id="XLXI_1state_FSM_FFd1_SPECSIG"/><signal id="XLXN_26_SPECSIG" negated="ON"/><signal id="XLXN_3" negated="ON"/></pterm><pterm id="FB2_18_4"><signal id="K7" negated="ON"/><signal id="XLXI_1state_FSM_FFd1_SPECSIG"/><signal id="XLXN_3" negated="ON"/><signal id="XLXN_20_SPECSIG"/></pterm><pterm id="FB2_18_5"><signal id="K7" negated="ON"/><signal id="XLXI_1state_FSM_FFd1_SPECSIG"/><signal id="XLXN_3" negated="ON"/><signal id="XLXN_22_SPECSIG"/></pterm><equation id="XLXI_1state_FSM_FFd1_SPECSIG" regUse="D"><d2><eq_pterm ptindx="FB2_1_1"/><eq_pterm ptindx="FB2_1_2"/><eq_pterm ptindx="FB2_1_3"/><eq_pterm ptindx="FB2_1_4"/><eq_pterm ptindx="FB2_1_5"/><eq_pterm import="1" ptindx="FB2_2_1"/><eq_pterm import="1" ptindx="FB2_2_2"/><eq_pterm import="1" ptindx="FB2_2_3"/><eq_pterm import="1" ptindx="FB2_2_4"/><eq_pterm import="1" ptindx="FB2_2_5"/><eq_pterm import="1" ptindx="FB2_18_1"/><eq_pterm import="1" ptindx="FB2_18_2"/><eq_pterm import="1" ptindx="FB2_18_3"/><eq_pterm import="1" ptindx="FB2_18_4"/><eq_pterm import="1" ptindx="FB2_18_5"/></d2><clk><fastsig signal="CLK_XT"/></clk><prld ptindx="GND"/></equation><equation id="LED0" userloc="P35"><d2><eq_pterm import="1" ptindx="FB2_3_1"/></d2></equation><equation id="XLXI_2Cnt2XLXI_2Cnt&lt;2&gt;_RSTF__INT_SPECSIG"><d2><eq_pterm ptindx="FB2_13_1"/></d2></equation><equation id="XLXI_1state_FSM_FFd2_SPECSIG" regUse="D"><d2><eq_pterm ptindx="FB2_15_1"/><eq_pterm import="1" ptindx="FB2_14_1"/><eq_pterm import="1" ptindx="FB2_14_2"/><eq_pterm import="1" ptindx="FB2_14_3"/><eq_pterm import="1" ptindx="FB2_14_4"/><eq_pterm import="1" ptindx="FB2_14_5"/></d2><clk><fastsig signal="CLK_XT"/></clk><prld ptindx="GND"/></equation><equation id="XLXI_1state_FSM_FFd4_SPECSIG" regUse="D"><d2><eq_pterm ptindx="FB2_16_1"/><eq_pterm ptindx="FB2_16_2"/><eq_pterm ptindx="FB2_16_3"/><eq_pterm import="1" ptindx="FB2_15_2"/><eq_pterm import="1" ptindx="FB2_15_3"/><eq_pterm import="1" ptindx="FB2_15_4"/><eq_pterm import="1" ptindx="FB2_15_5"/></d2><clk><fastsig signal="CLK_XT"/></clk><prld ptindx="GND"/></equation><equation id="XLXI_1state_FSM_FFd3_SPECSIG" regUse="D"><d2><eq_pterm ptindx="FB2_17_1"/><eq_pterm ptindx="FB2_17_2"/><eq_pterm ptindx="FB2_17_3"/><eq_pterm ptindx="FB2_17_4"/><eq_pterm ptindx="FB2_17_5"/><eq_pterm import="1" ptindx="FB2_16_4"/><eq_pterm import="1" ptindx="FB2_16_5"/></d2><clk><fastsig signal="CLK_XT"/></clk><prld ptindx="GND"/></equation></fblock><fblock id="FB3" inputUse="3" pinUse="0"><macrocell id="FB3_MC1"/><macrocell id="FB3_MC2" pin="FB3_MC2_PIN11"/><macrocell id="FB3_MC3"/><macrocell id="FB3_MC4"/><macrocell id="FB3_MC5" pin="FB3_MC5_PIN12"/><macrocell id="FB3_MC6"/><macrocell id="FB3_MC7"/><macrocell id="FB3_MC8" pin="FB3_MC8_PIN13"/><macrocell id="FB3_MC9" pin="FB3_MC9_PIN14"/><macrocell id="FB3_MC10"/><macrocell id="FB3_MC11" pin="FB3_MC11_PIN18"/><macrocell id="FB3_MC12"/><macrocell id="FB3_MC13"/><macrocell id="FB3_MC14" pin="FB3_MC14_PIN19"/><macrocell id="FB3_MC15" pin="FB3_MC15_PIN20"/><macrocell id="FB3_MC16" pin="FB3_MC16_PIN24"/><macrocell id="FB3_MC17" pin="FB3_MC17_PIN22" sigUse="2" signal="XLXN_27_SPECSIG"><pterms pt1="FB3_17_1" pt2="FB3_17_2"/></macrocell><macrocell id="FB3_MC18" sigUse="2" signal="XLXN_26_SPECSIG"><pterms pt1="FB3_18_1" pt2="FB3_18_2"/></macrocell><fbinput id="FB3_I1" signal="PS2_Clk"/><fbinput id="FB3_I2" signal="XLXI_2reg10b8_SPECSIG"/><fbinput id="FB3_I3" signal="XLXN_27_SPECSIG"/><pterm id="FB3_17_1"><signal id="XLXI_2reg10b8_SPECSIG"/></pterm><pterm id="FB3_17_2"><signal id="PS2_Clk" negated="ON"/></pterm><pterm id="FB3_18_1"><signal id="XLXN_27_SPECSIG"/></pterm><pterm id="FB3_18_2"><signal id="PS2_Clk" negated="ON"/></pterm><equation id="XLXN_27_SPECSIG" regUse="D"><d2><eq_pterm ptindx="FB3_17_1"/></d2><clk><eq_pterm ptindx="FB3_17_2"/></clk><prld ptindx="GND"/></equation><equation id="XLXN_26_SPECSIG" regUse="D"><d2><eq_pterm ptindx="FB3_18_1"/></d2><clk><eq_pterm ptindx="FB3_18_2"/></clk><prld ptindx="GND"/></equation></fblock><fblock id="FB4" inputUse="0" pinUse="0"><macrocell id="FB4_MC1"/><macrocell id="FB4_MC2" pin="FB4_MC2_PIN25"/><macrocell id="FB4_MC3"/><macrocell id="FB4_MC4"/><macrocell id="FB4_MC5" pin="FB4_MC5_PIN26"/><macrocell id="FB4_MC6"/><macrocell id="FB4_MC7"/><macrocell id="FB4_MC8" pin="FB4_MC8_PIN27"/><macrocell id="FB4_MC9"/><macrocell id="FB4_MC10"/><macrocell id="FB4_MC11" pin="FB4_MC11_PIN28"/><macrocell id="FB4_MC12"/><macrocell id="FB4_MC13"/><macrocell id="FB4_MC14" pin="FB4_MC14_PIN29"/><macrocell id="FB4_MC15" pin="FB4_MC15_PIN33"/><macrocell id="FB4_MC16"/><macrocell id="FB4_MC17" pin="FB4_MC17_PIN34"/><macrocell id="FB4_MC18"/></fblock><vcc/><gnd/><messages><warning>Cpld - Unable to retrieve the path to the iSE Project Repository. Will   use the default filename of 'czarnaskrzynka_zamek.ise'.</warning></messages><compOpts exhaust="OFF" gclkopt="ON" gsropt="ON" gtsopt="ON" ignorets="OFF" inputs="54" keepio="OFF" loc="ON" mlopt="ON" optimize="SPEED" part="xc9572xl-10-PC44" power="STD" prld="LOW" pterms="25" slew="FAST" terminate="KEEPER" unused="OFF" wysiwyg="OFF"/><specSig signal="b_SPECSIG" value="(b)"/><specSig signal="XLXN_24_SPECSIG" value="XLXN_2&lt;4&gt;"/><specSig signal="XLXN_21_SPECSIG" value="XLXN_2&lt;1&gt;"/><specSig signal="XLXI_2reg10b8_SPECSIG" value="XLXI_2/reg10b&lt;8&gt;"/><specSig signal="XLXI_2Cnt0_SPECSIG" value="XLXI_2/Cnt&lt;0&gt;"/><specSig signal="XLXI_2Cnt2_SPECSIG" value="XLXI_2/Cnt&lt;2&gt;"/><specSig signal="XLXI_1state_FSM_FFd2_SPECSIG" value="XLXI_1/state_FSM_FFd2"/><specSig signal="XLXI_1state_FSM_FFd3_SPECSIG" value="XLXI_1/state_FSM_FFd3"/><specSig signal="XLXN_27_SPECSIG" value="XLXN_2&lt;7&gt;"/><specSig signal="XLXN_25_SPECSIG" value="XLXN_2&lt;5&gt;"/><specSig signal="XLXN_23_SPECSIG" value="XLXN_2&lt;3&gt;"/><specSig signal="XLXN_22_SPECSIG" value="XLXN_2&lt;2&gt;"/><specSig signal="XLXN_20_SPECSIG" value="XLXN_2&lt;0&gt;"/><specSig signal="XLXI_2reg10b9_SPECSIG" value="XLXI_2/reg10b&lt;9&gt;"/><specSig signal="XLXI_2Cnt3_SPECSIG" value="XLXI_2/Cnt&lt;3&gt;"/><specSig signal="XLXI_2Cnt1_SPECSIG" value="XLXI_2/Cnt&lt;1&gt;"/><specSig signal="XLXI_2Cnt2XLXI_2Cnt&lt;2&gt;_RSTF__INT_SPECSIG" value="XLXI_2/Cnt&lt;2&gt;/XLXI_2/Cnt&lt;2&gt;_RSTF__$INT"/><specSig signal="XLXN_26_SPECSIG" value="XLXN_2&lt;6&gt;"/><specSig signal="XLXI_1state_FSM_FFd1_SPECSIG" value="XLXI_1/state_FSM_FFd1"/><specSig signal="XLXI_1state_FSM_FFd4_SPECSIG" value="XLXI_1/state_FSM_FFd4"/></document>
